<?xml version="1.0" encoding="UTF-8"?>
<root>
  <item name="org.ligi.snackengage.snacks.BaseSnack duration">
    <annotation name="android.support.annotation.IntDef">
      <val name="value" val="{org.ligi.snackengage.snacks.BaseSnack.DURATION_INDEFINITE, org.ligi.snackengage.snacks.BaseSnack.DURATION_SHORT, org.ligi.snackengage.snacks.BaseSnack.DURATION_LONG}" />
    </annotation>
  </item>
  <item name="org.ligi.snackengage.snacks.BaseSnack java.lang.String getString(int) 0">
    <annotation name="android.support.annotation.StringRes" />
  </item>
  <item name="org.ligi.snackengage.snacks.BaseSnack org.ligi.snackengage.snacks.Snack withDuration(int) 0">
    <annotation name="android.support.annotation.IntDef">
      <val name="value" val="{org.ligi.snackengage.snacks.BaseSnack.DURATION_INDEFINITE, org.ligi.snackengage.snacks.BaseSnack.DURATION_SHORT, org.ligi.snackengage.snacks.BaseSnack.DURATION_LONG}" />
    </annotation>
  </item>
</root>

