<?xml version="1.0" encoding="UTF-8"?>
<root>
  <item name="com.nispok.snackbar.Snackbar com.nispok.snackbar.Snackbar actionColorResource(int) 0">
    <annotation name="android.support.annotation.ColorRes" />
  </item>
  <item name="com.nispok.snackbar.Snackbar com.nispok.snackbar.Snackbar actionLabel(int) 0">
    <annotation name="android.support.annotation.StringRes" />
  </item>
  <item name="com.nispok.snackbar.Snackbar com.nispok.snackbar.Snackbar backgroundDrawable(int) 0">
    <annotation name="android.support.annotation.DrawableRes" />
  </item>
  <item name="com.nispok.snackbar.Snackbar com.nispok.snackbar.Snackbar colorResource(int) 0">
    <annotation name="android.support.annotation.ColorRes" />
  </item>
  <item name="com.nispok.snackbar.Snackbar com.nispok.snackbar.Snackbar text(int) 0">
    <annotation name="android.support.annotation.StringRes" />
  </item>
  <item name="com.nispok.snackbar.Snackbar com.nispok.snackbar.Snackbar textColorResource(int) 0">
    <annotation name="android.support.annotation.ColorRes" />
  </item>
  <item name="com.nispok.snackbar.Snackbar int getInAnimationResource(com.nispok.snackbar.Snackbar.SnackbarPosition)">
    <annotation name="android.support.annotation.AnimRes" />
  </item>
  <item name="com.nispok.snackbar.Snackbar int getOutAnimationResource(com.nispok.snackbar.Snackbar.SnackbarPosition)">
    <annotation name="android.support.annotation.AnimRes" />
  </item>
</root>

